{
  "sounds": {
    "nether.nether": 0.6556016802787781,
    "end.suspense": 0.726141095161438,
    "abyssalcraft-dark.suspense": 0.7551867365837097,
    "void-dark.suspense": 0.7427386045455933,
    "twilight_forest-dark.suspense": 1,
    "deepcave.cave": 0.26141080260276794,
    "planet-wind.wind": 0.7385892271995544,
    "underwater.underwater": 0.26141080260276794,
    "rain.rain": 0.7800830006599426,
    "storm-close.storm-close": 0.6970954537391663,
    "storm-close.wind": 0.6846473217010498,
    "storm-away.storm-away": 0.6846473217010498,
    "storm-away.howling-wind": 0.6846473217010498,
    "cave-ambience.suspense": 0.23651452362537384,
    "sky.light-wind": 0.7800830006599426,
    "forest.bird-ambience": 0.817427396774292,
    "forest.owl": 0.6721991896629333,
    "cold-forest.crow": 0.7344398498535156,
    "taiga.bird-ambience-huge": 0.8049792647361755,
    "highland.heavy-wind": 0.8381742835044861,
    "mesa.wind-mesa": 0.8091286420822144,
    "roofed-forest.bird-ambience-spooky": 0.8049792647361755,
    "grass.cricket": 1,
    "grass.cricket-night": 1,
    "grass.cicadas-night": 1,
    "plains.cricket": 1,
    "plains.cricket-night": 1,
    "plains.cicadas-night": 1,
    "savanna.cricket": 1,
    "savanna.cicadas": 1,
    "savanna.cicadas-desert": 1,
    "savanna.cricket-warm-night": 1,
    "savanna.wolf": 0.8381742835044861,
    "savanna.bird-warm": 0.8257261514663696,
    "desert.cicadas-desert": 1,
    "desert.light-wind": 1,
    "swamp.cricket-swamp": 1,
    "swamp.cricket-warm-night": 1,
    "swamp.frog": 1,
    "jungle.cricket-jungle": 1,
    "jungle.cricket-jungle-night": 1,
    "jungle.bird-ambience-jungle": 0.7800830006599426,
    "jungle.bird-ambience-jungle-night": 0.7676348686218262,
    "cold.light-wind": 0.8049792647361755,
    "beach.beach": 1,
    "beach.seagull": 1,
    "beach.seagull-long": 1,
    "ocean.ocean": 1,
    "ocean.light-wind": 0.8838174343109131
  },
  "dimensions": {
    "nether": 0.6846473217010498,
    "the end": 0.680497944355011,
    "abyssalcraft": 0.7178423404693604,
    "void": 0.7095435857772827,
    "twilight_forest": 1,
    "betweenlands": 1,
    "cave-dimensions": 0.6721991896629333,
    "midnight-dimension": 1,
    "galacticraft": 1,
    "galacticraft.planets": 1,
    "surface": 1
  },
  "silent-dimensions": []
}